"HUC8","AreaSqKm"
1010002,3198.08372418
1010003,2304.01499124
1010004,6323.27135918
1010005,1329.60799358
1010006,3134.05430526
1010007,3845.86055752
1010008,6033.32598076
1010009,3462.32344788
1010010,2526.27663616
1010011,3639.79039946
1020001,5520.82353664
1020002,2899.60351802
1020003,3907.8098904
1020004,3784.8662836
1020005,6200.78504756
1030001,4109.71582952
1030002,2271.300175
1030003,8885.45578412
1040001,3549.79632678
1040002,5584.82058068
1050001,4271.79661938
1050002,11271.41969036
1050003,3494.24912642
1050004,9666.74257572
1060001,3471.11727466
1060002,4405.65865446
1060003,4197.25750504
1070001,2649.26880528
1070002,1258.82031846
1070003,1980.90154826
1070004,1383.82782386
1070005,1036.67603248
1070006,4664.95311524
1080101,3701.10437532
1080102,1315.77177924
1080103,2392.5441006
1080104,1339.3487856
1080105,1843.7291817
1080106,3423.35218608
1080107,2201.26116898
1080201,2638.29776782
1080202,1008.06877914
1080203,1720.7653406
1080204,1871.82248382
1080205,2809.22499364
1080206,1343.53323884
1080207,1571.42001916
1090001,13803.23146404
1090002,1479.734359
1090003,1228.65097716
1090004,3571.40655918
1090005,947.2282859
1100001,1913.1732993
1100002,1362.9622137
1100003,851.15178264
1100004,1222.34192242
1100005,5049.49384616
1100006,887.41164824
2020001,4309.33124588
2020002,2730.65115988
2020003,4938.50871066
2020004,6603.09554074
2020005,2401.4674269
2020006,6287.82086558
2020007,3077.56013966
2020008,2448.04273864
2030101,1941.06021156
2030102,487.6061614
2030103,2936.67275562
2030104,1438.3147469
2030105,2862.94301328
2030201,718.66972682
2030202,5294.90757714
2030203,3082.19379436
2040101,3081.8457644
2040102,2174.91611038
2040103,1548.64429108
2040104,3961.7545342
2040105,3520.67512222
2040106,3526.65233444
2040201,1408.25062396
2040202,2981.4026992
2040203,4952.1830506
2040204,1073.51864592
2040205,1949.65169534
2040206,3093.65450188
2040207,1966.67683536
2040301,4460.55835722
2040302,2234.6356234
2040303,2309.32774992
2040304,1927.42652467
2050101,5923.07737378
2050102,4159.8685655
2050103,2704.23730466
2050104,3585.59485034
2050105,3138.21043048
2050106,5191.2715394
2050107,4572.6482855
2050201,4135.91520116
2050202,2677.90033978
2050203,2031.17164318
2050204,2002.65342076
2050205,2539.94288238
2050206,4686.85876842
2050301,3750.58128568
2050302,2566.31222214
2050303,2492.04424742
2050304,3756.62729452
2050305,4860.4205001
2050306,6437.40495176
2060001,1962.6866314
2060002,3372.41435926
2060003,3671.15761132
2060004,954.90922618
2060005,2844.38006646
2060006,2401.04655346
2070001,3558.55807427
2070002,3480.18628792
2070003,3062.03009362
2070004,5559.40178534
2070005,4330.15850315
2070006,2634.57012694
2070007,811.02572047
2070008,3069.85911166
2070009,2511.08472372
2070010,3300.4440773
2070011,4484.36338936
2080101,2771.55128671
2080102,1738.77946303
2080103,4032.00076156
2080104,2993.84984643
2080105,2359.3459106
2080106,3812.10564874
2080107,755.93815079
2080108,594.88032224
2080109,2142.39149656
2080110,2358.59612863
2080111,2397.29648088
2080201,5721.18352032
2080202,2170.7689603
2080203,5240.15872548
2080204,1989.37077287
2080205,2447.2461822
2080206,3733.07708188
2080207,4170.58563269
2080208,1308.38986338
3010101,5674.52516847
3010102,4297.21447832
3010103,4874.63781444
3010104,2969.55769455
3010105,1545.59470206
3010106,1444.80177233
3010107,3392.02544282
3010201,4460.19028893
3010202,1916.95355371
3010203,2149.59583682
3010204,3932.16385394
3010205,11032.0295446
3020101,3379.42352078
3020102,2315.52426108
3020103,2486.9775787
3020104,3384.19476872
3020105,5056.51514826
3020201,6231.8811198
3020202,2759.38386588
3020203,2612.11863048
3020204,4100.28259886
3020301,2415.50193738
3020302,2308.88336382
3030002,4422.5300138
3030003,3755.71675102
3030004,4221.51033702
3030005,2904.63781186
3030006,4076.41826544
3030007,4509.88958062
3040101,6065.36644229
3040102,2347.8262976
3040103,3081.59890594
3040104,2250.7623605
3040105,3670.7853002
3040201,6557.52385028
3040202,3659.9599497
3040203,4539.65828278
3040204,3542.3379638
3040205,5337.33890424
3040206,4277.04944366
3040207,1475.40826566
3040208,1764.92467692
3050101,6105.58266606
3050102,1711.68418676
3050103,3456.00629942
3050104,3255.12826274
3050105,6419.2709721
3050106,3337.93511206
3050107,2093.75633308
3050108,1895.23761578
3050109,6538.58859234
3050110,1786.081661
3050111,1421.06702958
3050112,1972.2169867
3050201,3274.44392552
3050202,1008.82554196
3050203,1968.52220352
3050204,2246.58195412
3050205,1693.7727844
3050206,2435.14944268
3050207,4894.77024778
3050208,2588.83299804
3050209,1212.09122604
3050210,479.41531676
3060101,2662.55869352
3060102,2563.57654478
3060103,4762.2234422
3060104,3894.74662632
3060105,1988.88600304
3060106,4747.60618388
3060107,1916.84784818
3060108,2197.10909062
3060109,2602.5559003
3060110,1163.1687355
3060201,4753.38914682
3060202,3069.94394914
3060203,3592.20741958
3060204,3956.98733312
3070101,7553.91339146
3070102,6244.26855826
3070103,7708.77458308
3070104,6024.30552982
3070105,2082.68412412
3070106,4305.26415158
3070107,3482.80055948
3070201,6699.30154352
3070202,2060.52351876
3070203,2468.5036628
3070204,4097.78163938
3070205,1109.48309074
3080101,10208.9732534
3080102,7189.41271126
3080103,7206.12624306
3080201,1769.55428476
3080202,1836.80095738
3080203,1260.02628274
3090101,7672.7049199
3090102,792.2133136
3090103,2082.86623282
3090201,2241.39792646
3090202,11449.41273374
3090203,2729.17405598
3090204,7375.65325532
3090205,3632.65578528
3090206,8096.4718648
3100101,6063.17157326
3100102,1557.2519623
3100103,1570.06432106
3100201,1035.16250684
3100202,943.64276794
3100203,586.55998212
3100204,1091.2560333
3100205,1698.6290164
3100206,2263.80943714
3100207,3039.80698272
3100208,5392.69185532
3110101,2333.96175524
3110102,4814.20940576
3110103,2469.93220438
3110201,6849.73951716
3110202,4665.87984618
3110203,3907.59135996
3110204,2310.68016966
3110205,4092.2455349
3110206,3579.96566808
3120001,3062.6434137
3120002,2403.92791778
3120003,4039.87107278
3130001,4111.1443711
3130002,7892.11352852
3130003,7357.84707132
3130004,3228.46754906
3130005,6822.4596339
3130006,4040.48214864
3130007,2856.56111506
3130008,3306.25629198
3130009,2865.2982858
3130010,2047.82042522
3130011,2902.00735286
3130012,3355.06142358
3130013,1333.39585454
3130014,695.3517195
3140101,3423.46954502
3140102,1791.79582732
3140103,3559.6989932
3140104,2239.18429404
3140105,1424.20334608
3140106,2383.66528976
3140107,758.15493984
3140201,3997.23335582
3140202,4027.7385865
3140203,4037.46319108
3140301,2129.17849866
3140302,1554.43130088
3140303,2717.7497702
3140304,2626.38785884
3140305,1966.84275662
3150101,1887.41098854
3150102,2235.93466546
3150103,1456.464914
3150104,4830.70845398
3150105,4150.61744354
3150106,6691.53157232
3150107,5082.41505226
3150108,3617.54076318
3150109,4117.48580072
3150110,4411.27569614
3150201,6193.03935752
3150202,4723.7580379
3150203,5774.63450212
3150204,3757.4892757
3160101,4654.46365412
3160102,1769.29123886
3160103,2239.47566796
3160104,2894.111929
3160105,2069.58848516
3160106,4224.08413998
3160107,2039.85620474
3160108,3673.97017902
3160109,3554.00101432
3160110,2581.3705882
3160111,3134.74631832
3160112,3226.39555674
3160113,3763.36936328
3160201,5389.0820562
3160202,2522.7720554
3160203,4185.5661265
3160204,2363.15580328
3160205,2204.7495623
3170001,2351.43204986
3170002,3745.32036768
3170003,1720.93935558
3170004,4540.40695188
3170005,4726.7729486
3170006,1580.55378218
3170007,3282.19770928
3170008,2704.69055298
3170009,6340.99255912
3180001,6378.69310688
3180002,5119.97800678
3180003,3156.17848888
3180004,4717.65132616
3180005,3130.36356894
4010101,5800.73927233
4010102,1585.75761706
4010201,7617.4086916
4010202,2055.41487746
4010301,4994.67682608
4010302,3369.85476867
4020101,2564.33243032
4020102,3595.68104423
4020103,2801.54816859
4020104,1891.28417879
4020105,2313.45841018
4020201,2981.52970255
4020202,2097.14572039
4020203,277.41197603
4020300,84708.39721566
4030101,4214.68733106
4030102,1809.71937026
4030103,798.02865142
4030104,2488.64488502
4030105,3158.42854304
4030106,2724.73141471
4030107,1875.35738396
4030108,5938.5444727
4030109,2639.85985578
4030110,2402.47548527
4030111,1663.60629655
4030112,1503.36870192
4030201,4196.20532144
4030202,9649.87526324
4030203,1482.02892862
4030204,1671.25605536
4040001,1657.796199
4040002,948.60826516
4040003,2276.46396836
4050001,12206.58833346
4050002,1530.5426863
4050003,5261.58168504
4050004,4558.60972816
4050005,2449.57245172
4050006,5284.8349426
4050007,2198.94636506
4060101,5230.21852004
4060102,7062.06808901
4060103,5049.98782266
4060104,1890.69703886
4060105,4320.27200053
4060106,3810.144133
4060107,1431.19652651
4060200,58205.3574466
4070001,1856.16483822
4070002,1682.31237852
4070003,2060.69456944
4070004,2315.58544793
4070005,1554.00883104
4070006,3238.12640592
4070007,5305.64684241
4080101,2639.66077081
4080102,1250.85287432
4080103,2310.56954333
4080104,1332.16153706
4080201,3748.8656827
4080202,2656.26177936
4080203,3278.14097363
4080204,3445.93516114
4080205,2351.36660427
4080206,650.62827725
4080300,65096.45548636
4090001,3274.63498203
4090002,5796.92181236
4090003,2064.46878427
4090004,2149.62703697
4090005,2378.29762761
4100001,1812.3080801
4100002,2753.30015655
4100003,2832.26376762
4100004,2054.80125872
4100005,1003.29348434
4100006,2013.95630074
4100007,4316.04498662
4100008,1999.35522986
4100009,2791.60867714
4100010,2478.68337249
4100011,4714.5773409
4100012,1976.69443867
4110001,2317.0870881
4110002,2101.56452659
4110003,1625.72621619
4110004,1827.42525155
4120101,2210.23840443
4120102,1449.46641871
4120103,1850.01999153
4120104,3527.5513651
4120200,26237.49764821
4130001,2775.41640145
4130002,3694.48775922
4130003,2763.57817116
4140101,1748.23826837
4140102,2540.23393947
4140201,8958.54207572
4140202,3810.94020258
4140203,376.61718331
4150101,4938.55706178
4150102,778.73067433
4150200,18844.24108864
4150302,2719.80152822
4150303,1456.89388116
4150304,1639.37893914
4150305,3262.44903248
4150306,2212.67331418
4150307,1068.26177478
4150308,2992.07426902
4150309,3494.49058686
4150310,3354.3410825
4150401,1780.67505604
4150402,2442.77372692
4150403,2753.75063676
4150404,1333.54558836
4150405,1868.16007552
4150406,1588.24686304
4150407,2215.7165529
4150408,7257.14500708
4150409,2553.79933102
4150500,7993.45094978
4150600,6707.64212198
5010001,6716.33882412
5010002,2333.58539726
5010003,4361.82306694
5010004,3203.78979678
5010005,3233.89438832
5010006,4361.01369494
5010007,3555.04105734
5010008,1334.48041302
5010009,1281.09018904
5020001,3562.32135848
5020002,2280.15875154
5020003,1200.85714268
5020004,3683.44387828
5020005,3816.41560416
5020006,4563.02889928
5030101,5145.0766325
5030102,2762.96533698
5030103,2951.95369898
5030104,291.34154512
5030105,2171.16467116
5030106,3913.98944562
5030201,4700.51287406
5030202,3669.66027312
5030203,5981.42904812
5030204,3098.19103194
5040001,6720.00932614
5040002,2602.95249258
5040003,3239.82303822
5040004,4056.00185674
5040005,2210.09951122
5040006,2020.10348108
5050001,7299.0934086
5050002,4231.10280515
5050003,4260.28330268
5050004,1790.94598672
5050005,3679.87454776
5050006,1344.22120504
5050007,3970.8802035
5050008,2393.86742382
5050009,2311.1819803
5060001,8276.9415865
5060002,5633.28577604
5060003,2956.16648024
5070101,2433.99204072
5070102,1916.94497282
5070201,3777.76674137
5070202,3019.63640839
5070203,2884.02310702
5070204,1062.96443504
5080001,6506.55769544
5080002,3576.52179022
5080003,3816.90527422
5090101,3778.77980616
5090102,1145.61345682
5090103,2609.98593526
5090104,1875.74389116
5090201,5438.6560912
5090202,4552.80248406
5090203,3653.02363166
5100101,7196.23571722
5100102,2401.43909888
5100201,3428.79521278
5100202,1448.13647612
5100203,1937.23592886
5100204,2832.73320338
5100205,8393.67731006
5110001,8133.6827425
5110002,5866.29183426
5110003,2661.42961958
5110004,2799.56109196
5110005,2390.65421698
5110006,2064.71606572
5120101,4229.95613384
5120102,1450.68195106
5120103,2114.90522344
5120104,2112.83323112
5120105,1732.73999934
5120106,5049.36434664
5120107,2084.3554773
5120108,5891.39450684
5120109,3708.34420786
5120110,2101.18636804
5120111,5252.85260802
5120112,6308.67838202
5120113,3396.56601974
5120114,5547.68659332
5120115,2750.71549176
5120201,7047.61883058
5120202,4333.75809284
5120203,3128.53034136
5120204,3018.5731083
5120205,1548.91947756
5120206,2102.68370624
5120207,2953.64528646
5120208,5254.06666602
5120209,2231.68950932
5130101,6038.23077508
5130102,1977.47385784
5130103,4874.74233764
5130104,3580.98952366
5130105,2452.59140928
5130106,2063.92288116
5130107,2039.05897332
5130108,4653.78378164
5130201,2552.89688124
5130202,1676.8771439
5130203,2423.43378298
5130204,2245.6228483
5130205,6044.43461146
5130206,3765.04071646
5140101,3267.28907704
5140102,3805.20984882
5140103,3754.13847562
5140104,4916.21860578
5140201,3613.59102782
5140202,2686.56062018
5140203,2706.7827796
5140204,3049.28472884
5140205,2442.00482352
5140206,2393.06614554
6010101,1851.68024825
6010102,2666.58999337
6010103,2248.97769524
6010104,2589.91350966
6010105,4867.63605148
6010106,1785.56366292
6010107,2062.99210336
6010108,4553.8708551
6010201,3505.82719288
6010202,2168.59491506
6010203,1900.59565842
6010204,2732.5005749
6010205,4913.52808002
6010206,2351.87763495
6010207,1640.9410271
6010208,2250.32934648
6020001,4833.61814632
6020002,5326.3557262
6020003,1657.4724502
6020004,1558.05324058
6030001,5174.27877426
6030002,7493.00005474
6030003,3324.30933444
6030004,2496.86810454
6030005,5911.27673002
6030006,2444.21440908
6040001,5403.33105026
6040002,3058.9000682
6040003,4005.67915264
6040004,1975.17524136
6040005,4700.75973252
6040006,1807.41266006
7010101,4973.03652018
7010102,3472.0237713
7010103,5397.8092856
7010104,4355.53019964
7010105,2026.95886192
7010106,5135.17396608
7010107,2315.03054416
7010108,2286.73085218
7010201,2655.144846
7010202,2698.17915524
7010203,2903.0554896
7010204,3823.62710868
7010205,3310.65927566
7010206,2607.41617916
7010207,4102.60954336
7020001,5517.68308672
7020002,2267.14000292
7020003,2842.36068332
7020004,5393.86544472
7020005,5382.83370436
7020006,1811.05888092
7020007,3487.84294704
7020008,3402.46634162
7020009,4054.35478472
7020010,2261.98835014
7020011,2877.71405228
7020012,4752.33696322
7030001,5247.29821905
7030002,2637.99516056
7030003,2725.40204239
7030004,2604.2758158
7030005,6774.29795304
7040001,2878.85931366
7040002,3806.16086092
7040003,3604.99954404
7040004,3679.99595356
7040005,1888.86785814
7040006,1799.99881254
7040007,5894.34871464
7040008,4307.34828448
7050001,5003.13065568
7050002,3050.5748679
7050003,1915.03080804
7050004,2212.98087554
7050005,5334.74082012
7050006,2288.97685948
7050007,4897.30358214
7060001,3688.17870448
7060002,2587.84961106
7060003,2898.25186678
7060004,4387.15641054
7060005,3849.6969808
7060006,4843.94168618
7070001,5645.61557269
7070002,7043.0944411
7070003,8415.7691188
7070004,1697.32592748
7070005,6116.2420953
7070006,1988.31944264
7080101,2568.45705794
7080102,4060.36841868
7080103,2541.77610996
7080104,6257.26707258
7080105,4774.63111496
7080106,2259.55618728
7080107,4231.04473918
7080201,4361.1998505
7080202,2797.15725712
7080203,1782.75109522
7080204,2230.2447803
7080205,6259.45237698
7080206,2845.90573268
7080207,3770.89652288
7080208,4292.27373098
7080209,4366.04798878
7090001,4820.02879044
7090002,4743.17487218
7090003,4869.45713848
7090004,1969.77673012
7090005,5616.65318144
7090006,3250.033266
7090007,2923.58116352
7100001,3231.74955252
7100002,2786.4856873
7100003,3383.21947546
7100004,4468.79776418
7100005,2352.81202912
7100006,6399.40898322
7100007,2944.42653938
7100008,6326.15677036
7100009,5546.84079958
7110001,4470.9102251
7110002,2371.90106774
7110003,1605.24367504
7110004,5146.63872046
7110005,2314.49635864
7110006,3143.53609824
7110007,2056.46856504
7110008,3268.07012102
7110009,1732.47695344
7120001,7844.56697038
7120002,5534.29148672
7120003,1698.03008112
7120004,3769.6298557
7120005,2606.42874532
7120006,3999.20417664
7120007,2857.00626966
7130001,5075.82271732
7130002,3452.78499886
7130003,4202.69243802
7130004,2976.09321888
7130005,4831.12932742
7130006,3732.09927606
7130007,3029.5400989
7130008,2311.06462136
7130009,4836.24860532
7130010,3494.57287522
7130011,5886.58683716
7130012,2524.16417524
7140101,4262.63048148
7140102,5568.26487642
7140103,2185.07777584
7140104,2512.7560769
7140105,4472.84867104
7140106,6178.40995862
7140107,3088.10625682
7140108,946.28941438
7140201,4062.57800424
7140202,4449.7856159
7140203,2373.71001416
7140204,4160.62937518
8010100,2842.10573114
8010201,2513.51283972
8010202,3406.86123158
8010203,2998.50472956
8010204,2471.36479282
8010205,2748.11740764
8010206,184.3951759
8010207,2967.9064211
8010208,3791.1389166
8010209,1921.40056568
8010210,2111.19425282
8010211,723.14555398
8020100,1539.37293482
8020201,1782.76728266
8020202,3361.79944548
8020203,9269.66467252
8020204,6747.62105192
8020205,2474.42421898
8020301,2942.07531372
8020302,5199.04960432
8020303,3524.40228028
8020304,2453.29556292
8020401,1713.71166362
8020402,2595.68433202
8030100,1556.5842304
8030201,4269.42920628
8030202,2736.1427489
8030203,1926.41867208
8030204,4827.58832492
8030205,5917.97833018
8030206,4335.62774216
8030207,8169.90618636
8030208,518.94099838
8030209,2132.20554994
8040101,4009.92835564
8040102,4540.59310744
8040103,5437.6241419
8040201,4672.29007242
8040202,3401.43034546
8040203,4442.83715728
8040204,3934.58796302
8040205,4309.57001062
8040206,4974.28295306
8040207,1906.72665132
8040301,2350.14919524
8040302,2479.2885447
8040303,2420.01013942
8040304,2597.16548278
8040305,188.62819146
8040306,1441.491532
8050001,7481.32081678
8050002,2637.44792722
8050003,3601.12669902
8060100,1792.98560416
8060201,3831.769391
8060202,4934.28378882
8060203,2772.24883382
8060204,950.09750964
8060205,3091.98719556
8060206,960.10944128
8070100,601.87330036
8070201,1799.64268886
8070202,4878.80538508
8070203,1880.2520932
8070204,1846.35154698
8070205,2008.35949336
8070300,2058.60530712
8080101,5158.74692558
8080102,5727.4804894
8080103,5208.3290543
8080201,3606.55353828
8080202,6691.36565106
8080203,3912.08337456
8080204,2282.11338492
8080205,1946.64487836
8080206,3288.75362248
8090100,2220.70228442
8090201,1798.31127192
8090202,1657.58576228
8090203,8993.5797896
8090301,7016.30827476
8090302,8080.47867408
9010002,2677.10205782
9010003,12926.75304535
9010004,4643.2110585
9010005,4079.37740782
9010006,4684.05789652
9010007,8204.61122393
9010008,6845.80211576
9020101,2876.75545174
9020102,2229.18045612
9020103,4945.25482628
9020104,1697.20399862
9020105,5793.12131992
9020106,2930.2503888
9020107,2839.41750243
9020108,4237.2445287
9020109,3276.76217259
9020201,9945.36803971
9020202,4877.2417884
9020203,5229.05586855
9020204,4462.67896408
9020205,4088.95886201
9020301,3051.19114089
9020302,5024.88893736
9020303,3470.12984082
9020304,2715.48757546
9020305,3518.52623956
9020306,1646.10482046
9020307,1769.74239692
9020308,2425.10515626
9020309,2017.764396
9020310,2472.18811861
9020311,6350.00391053
9020312,2843.72042828
9020314,2791.81135506
9020315,3588.25844468
9020316,6559.64672343
9030001,16545.25732217
9030002,2678.21551276
9030003,19184.37859476
9030005,4853.14782576
9030006,5322.07414832
9030007,2443.62356752
9030008,3972.64868132
9030009,14839.82752624
9040001,3837.77493124
9040002,4937.54555798
10020001,5995.37452768
10020002,3890.10083104
10020003,2500.87449594
10020004,7223.75031836
10020005,3364.06973394
10020006,1963.67001838
10020007,6619.16966866
10020008,4782.38894558
10030101,8667.99371516
10030102,6730.3126317
10030103,5191.22297708
10030104,4857.21538698
10030105,2066.64641794
10030201,3332.14810226
10030202,3108.1098858
10030203,9557.8537137
10030204,2570.51286282
10030205,5302.82728216
10040101,5004.71534026
10040102,3291.81304864
10040103,7154.29406018
10040104,13585.33330116
10040105,4007.82398844
10040106,3163.92417892
10040201,10389.08280456
10040202,4978.47145316
10040203,1758.59538788
10040204,3033.11752314
10040205,4370.88398648
10050001,2499.09387754
10050002,5850.35125272
10050003,1212.63755214
10050004,9091.88611272
10050005,2089.45047404
10050006,2562.94928148
10050007,2825.63096408
10050008,4450.42906664
10050009,1838.47635742
10050010,2448.50812754
10050011,4681.47644462
10050012,3946.8620894
10050013,6195.7021914
10050014,4733.70521978
10050015,3543.37800682
10050016,1878.96519172
10060001,5187.92883304
10060002,5471.78368716
10060003,6007.21159318
10060004,2653.77700732
10060005,3255.74338546
10060006,8897.84322258
10060007,2641.51972791
10070001,6714.65533036
10070002,7672.59160782
10070003,2210.73082138
10070004,4066.3860995
10070005,2761.22923404
10070006,7232.03019392
10070007,5196.80764388
10070008,1558.850472
10080001,6602.25784072
10080002,2888.851011
10080003,2080.74972504
10080004,1904.63847156
10080005,4418.04609292
10080006,2217.22198482
10080007,8994.25561522
10080008,5212.6187259
10080009,2977.53390104
10080010,4666.36142252
10080011,1128.9120656
10080012,2211.3257098
10080013,1685.08822284
10080014,3845.4073092
10080015,5077.1096188
10080016,3360.1685609
10090101,6562.27486392
10090102,7435.8422041
10090201,2541.8125317
10090202,6494.87441062
10090203,3151.13610132
10090204,2089.2117093
10090205,2473.80909626
10090206,2988.92581194
10090207,2756.81410978
10090208,5248.9595287
10090209,4858.8422247
10090210,2079.8229941
10100001,12431.346891
10100002,2257.75533458
10100003,3385.18624942
10100004,13783.23689574
10100005,4089.53818556
10110101,17582.06590786
10110102,2411.23317575
10110201,8993.64858622
10110202,3090.88644964
10110203,5628.11388896
10110204,2257.8241312
10110205,4672.0391671
10120101,2692.35167684
10120102,1280.9121272
10120103,3721.34676904
10120104,2815.53404838
10120105,2597.61063738
10120106,3632.48581716
10120107,4311.58939376
10120108,2507.38184682
10120109,5499.8648487
10120110,1852.30447804
10120111,4088.63978264
10120112,4197.75526882
10120113,4797.0466725
10120201,7607.42502124
10120202,8408.161022
10120203,2721.40003792
10130101,6544.43498338
10130102,9418.00637268
10130103,9410.95354337
10130104,2682.34783892
10130105,9927.48985924
10130106,4213.65538176
10130201,6482.93212676
10130202,4440.3564321
10130203,4229.68499422
10130204,4234.43600786
10130205,4626.09111866
10130206,2317.2118017
10130301,3226.95807028
10130302,4518.57818904
10130303,6207.49474144
10130304,2624.56272498
10130305,4061.28300904
10130306,6884.44538852
10140101,11052.73142282
10140102,8225.89854132
10140103,2170.30673684
10140104,1794.64481676
10140105,3019.33796484
10140201,9801.60013836
10140202,6301.75420456
10140203,4209.70969326
10140204,5455.13490512
10150001,2137.0051259
10150002,3838.37791338
10150003,10753.0735804
10150004,9809.13134482
10150005,2231.77854024
10150006,4464.23695296
10150007,3863.83670964
10160001,4396.45864018
10160002,2772.45522368
10160003,11583.23148062
10160004,4010.38969768
10160005,2170.90567212
10160006,9603.80176214
10160007,2480.40952492
10160008,4409.2360787
10160009,3887.12234208
10160011,9428.56463042
10170101,8363.41489098
10170102,5487.52597256
10170103,1237.92638028
10170201,4229.56358842
10170202,5474.07016306
10170203,8856.39528246
10170204,4350.49995266
10180001,3687.47455084
10180002,7665.24485042
10180003,2669.29671542
10180004,3733.38213068
10180005,2650.46667584
10180006,7513.69164992
10180007,8996.25476406
10180008,5510.2248103
10180009,13351.32362166
10180010,5885.06926466
10180011,6046.40543228
10180012,4413.15343918
10180013,2663.5016119
10180014,5684.69708548
10190001,4152.10264116
10190002,4786.96594424
10190003,7434.81430166
10190004,1476.14074732
10190005,2536.82680018
10190006,2154.33378042
10190007,4892.62945884
10190008,1495.89751784
10190009,3597.50071246
10190010,1855.080624
10190011,3581.30113188
10190012,7723.0073897
10190013,2864.26228964
10190014,1873.37647806
10190015,3062.41678954
10190016,3455.3507081
10190017,1947.09407982
10190018,3657.79083274
10200101,8650.74195098
10200102,1891.4821297
10200103,2854.3717638
10200201,2222.7783236
10200202,1359.61950734
10200203,4266.33335838
10210001,5414.45182154
10210002,4695.68901694
10210003,4628.05789262
10210004,4094.22040258
10210005,1918.5353888
10210006,6084.80608682
10210007,2532.69495612
10210008,2567.45748352
10210009,3972.11854266
10210010,3185.48180214
10220001,7492.10165182
10220002,2197.7484945
10220003,5714.95950456
10220004,2727.47437478
10230001,4166.61872798
10230002,2372.2288634
10230003,7334.55334516
10230004,2502.45277134
10230005,1916.34603754
10230006,2884.7434481
10230007,3081.89837358
10240001,2170.30673684
10240002,4277.3691456
10240003,2975.1300662
10240004,453.31711662
10240005,4405.23373416
10240006,2311.97516486
10240007,1841.58029904
10240008,3132.90095016
10240009,2059.05855544
10240010,2588.12075068
10240011,2699.57532194
10240012,4310.42389808
10240013,2011.42296638
10250001,4783.86604948
10250002,7638.92173262
10250003,6989.97535674
10250004,5581.05700088
10250005,4267.51099464
10250006,3745.74124112
10250007,2055.29092878
10250008,2402.0339873
10250009,3493.88086216
10250010,2747.88268976
10250011,1691.57533942
10250012,1947.23167306
10250013,1666.86521226
10250014,1896.4800018
10250015,2870.90723376
10250016,5623.40334392
10250017,5123.48258754
10260001,2728.10163808
10260002,1890.66871084
10260003,3827.39473534
10260004,3670.3603799
10260005,1679.5480715
10260006,4086.76608646
10260007,2230.14765566
10260008,5172.53862446
10260009,4972.97177042
10260010,3522.37885028
10260011,3632.42916112
10260012,3477.37776708
10260013,2995.02442996
10260014,2752.58109422
10260015,4909.90955104
10270101,1389.86169212
10270102,5649.2749199
10270103,2996.44487782
10270104,4287.63602942
10270201,2868.75025738
10270202,3273.03561824
10270203,3470.63974518
10270204,1887.13580206
10270205,4420.88698864
10270206,5820.50566022
10270207,3469.36903114
10280101,8613.99241532
10280102,5700.81572886
10280103,6114.34411796
10280201,3502.19715946
10280202,2640.79468044
10280203,1809.553449
10290101,5636.81463796
10290102,4082.30644674
10290103,1504.38783012
10290104,2955.59991984
10290105,3117.15057104
10290106,5103.91197258
10290107,2190.6057866
10290108,5302.11908166
10290109,3591.39804758
10290110,2665.98638394
10290111,2791.34596616
10290201,4629.9922917
10290202,1955.83529742
10290203,2675.73526968
10300101,6990.63499492
10300102,8807.95436826
10300103,2879.32874942
10300104,3999.84762738
10300200,4119.45662154
11010001,6616.38947584
11010002,3772.59620408
11010003,6750.76141528
11010004,3822.23094198
11010005,3470.63569832
11010006,4743.33269972
11010007,4984.51341514
11010008,6782.4361885
11010009,2120.38871874
11010010,3146.87071088
11010011,3114.69412702
11010012,1969.99930742
11010013,1916.97330084
11010014,4665.96483024
11020001,7933.0394237
11020002,5965.38324822
11020003,2402.81503128
11020004,1872.9677452
11020005,5729.86004308
11020006,4813.68331396
11020007,2786.16598536
11020008,3687.91161172
11020009,9990.52779746
11020010,8928.03279818
11020011,4793.63112266
11020012,3533.21634136
11020013,2088.31330638
11030001,5958.3740867
11030002,3777.1570153
11030003,2638.4313142
11030004,4849.79344574
11030005,4628.13478296
11030006,2351.47656532
11030007,2402.2767989
11030008,2093.86964516
11030009,3224.10098712
11030010,1653.51057426
11030011,2478.0744867
11030012,3682.79233382
11030013,2349.82139958
11030014,2752.94126476
11030015,2097.93673946
11030016,1058.50884218
11030017,2513.0191228
11030018,2658.45517748
11040001,4344.80197378
11040002,4274.60514022
11040003,2568.16973088
11040004,1973.80335582
11040005,4935.15386372
11040006,4486.9155564
11040007,3741.34635116
11040008,4814.23773378
11050001,6272.19189226
11050002,8381.98997838
11050003,3586.1047547
11060001,2468.0989768
11060002,2793.86715994
11060003,3311.13275828
11060004,6047.59520912
11060005,5236.40616898
11060006,5531.450591
11070101,3102.84087408
11070102,2227.6143213
11070103,3930.23758852
11070104,1816.38859554
11070105,1849.5566601
11070106,5425.12743822
11070107,2945.87936212
11070201,2928.88255012
11070202,2432.91962282
11070203,2494.46022284
11070204,3526.2719296
11070205,3691.19766204
11070206,2355.21991082
11070207,6707.74329348
11070208,2656.06753008
11070209,5764.62257048
11080001,4467.6727371
11080002,2718.13826876
11080003,5320.20045214
11080004,3773.92762102
11080005,2634.45325082
11080006,5797.73802586
11080007,5506.42480876
11080008,2087.34205998
11090101,4793.32760816
11090102,3886.11062708
11090103,2834.65141502
11090104,2366.69680578
11090105,5237.9318352
11090106,7133.2584819
11090201,5289.90161132
11090202,4747.14484184
11090203,2530.77674448
11090204,5130.96927854
11100101,7075.63524236
11100102,3511.16500122
11100103,5081.71089862
11100104,5016.94495118
11100201,4612.13754538
11100202,2156.4300539
11100203,2823.07334856
11100301,4813.2341125
11100302,4842.76404992
11100303,6569.5511182
11110101,3424.7564465
11110102,2063.39678936
11110103,4283.36659212
11110104,4564.79333024
11110105,4934.32425742
11110201,3330.73170126
11110202,4830.51825156
11110203,2951.40332602
11110204,2846.54918342
11110205,1961.26213668
11110206,2887.04611144
11110207,2918.4537919
11120101,4964.18603736
11120102,2588.45664006
11120103,5576.58522058
11120104,3304.37045522
11120105,3729.32717696
11120201,1917.89598492
11120202,3230.76616554
11120301,3052.38057674
11120302,4285.32931922
11120303,3585.28324212
11120304,2404.6037434
11130101,3402.1749677
11130102,1994.5758882
11130103,3866.73830826
11130104,3547.87811514
11130105,2078.2851873
11130201,6010.9427981
11130202,2071.09391708
11130203,2848.71830038
11130204,2840.72170502
11130205,1787.04886054
11130206,2646.69500232
11130207,1760.76450484
11130208,2237.67886212
11130209,3841.02051296
11130210,2569.58208502
11130301,3813.89441038
11130302,8310.61550856
11130303,6495.72829808
11130304,1893.63505922
11140101,5128.20932002
11140102,1778.24289318
11140103,3716.87498874
11140104,2597.31926346
11140105,4719.33886678
11140106,3747.66349962
11140107,3638.09476512
11140108,2191.70248566
11140109,5151.89154474
11140201,2287.07483528
11140202,619.03198676
11140203,3870.96727696
11140204,1095.63473582
11140205,1860.4427135
11140206,2901.03610646
11140207,3692.74356256
11140208,1266.61861768
11140209,2346.64056762
11140301,2973.83102414
11140302,4723.85111568
11140303,2066.4885904
11140304,2017.79272402
11140305,2290.88293054
11140306,3097.25620728
11140307,1839.09148014
12010001,3538.36799414
12010002,7220.77992312
12010003,1759.29954152
12010004,6137.49215716
12010005,6843.66113344
12020001,5036.02994294
12020002,4165.04449944
12020003,2873.17752222
12020004,4185.84535984
12020005,5044.43931802
12020006,2899.38498758
12020007,1818.83289898
12030101,5067.48618572
12030102,3921.33449652
12030103,4812.31142842
12030104,1863.26337492
12030105,3547.44105426
12030106,3375.26739556
12030107,2760.01112918
12030108,2374.21991852
12030109,2784.12232106
12030201,5454.53192298
12030202,8437.33078888
12030203,1987.60314842
12040101,2801.31338234
12040102,1960.19376564
12040103,2577.39657168
12040104,3062.37632094
12040201,2574.73778466
12040202,2118.45431966
12040203,924.25426168
12040204,2824.70828
12040205,1599.91800728
12050001,9508.87052026
12050002,4372.02924786
12050003,3137.72480728
12050004,6743.14927162
12050005,3921.2252313
12050006,4188.16016376
12050007,5687.04426428
12060101,6525.48890652
12060102,7243.05788742
12060103,2760.06373836
12060104,1626.43708086
12060105,3329.17770702
12060201,8162.99819634
12060202,6468.8854757
12060203,1091.79831254
12060204,3220.3697822
12070101,6985.79495036
12070102,3422.5104392
12070103,5817.45837464
12070104,4255.83580354
12070201,7823.76206312
12070202,1884.06018846
12070203,3916.76963844
12070204,2598.52522774
12070205,3539.79653572
12080001,4637.32115516
12080002,7570.83331312
12080003,6239.02787456
12080004,8044.37663602
12080005,5125.11751898
12080006,4878.9955875
12080007,1575.88370574
12080008,3571.54010556
12090101,2997.8531851
12090102,3461.42504496
12090103,6972.1732196
12090104,3845.69868312
12090105,3193.15869556
12090106,5213.64662834
12090107,3679.89882892
12090108,2029.52861802
12090109,5947.27354972
12090110,2081.31628544
12090201,3289.35660462
12090202,2380.03525634
12090203,2417.2501809
12090204,6769.78165728
12090205,3213.80172842
12090206,3316.4624729
12090301,5688.19357252
12090302,1828.4320509
12090401,2749.91016662
12090402,2076.93353606
12100101,2356.29637558
12100102,3628.36611368
12100201,3710.76423014
12100202,5538.16028488
12100203,3519.90621882
12100204,2609.79573284
12100301,1312.73663424
12100302,3491.80886984
12100303,3845.70677684
12100304,2211.96916054
12100401,3312.44798778
12100402,2318.05759544
12100403,1015.01723776
12100404,379.26362548
12100405,2198.7602095
12100406,2688.69736226
12100407,2221.6654371
12110101,2115.04281668
12110102,2377.88637368
12110103,4866.10229154
12110104,4036.33007028
12110105,8646.22970208
12110106,6063.07849548
12110107,2867.56048054
12110108,3162.48349676
12110109,2211.72634894
12110110,3614.12116648
12110111,3363.50317354
12110201,450.25769046
12110202,1128.06627186
12110203,600.6349612
12110204,3296.82306132
12110205,5516.74834862
12110206,2437.87297946
12110207,9238.24080462
12110208,7351.58253204
13010001,3575.42913802
13010002,6572.30702986
13010003,4096.3530978
13010004,3476.57244194
13010005,1985.9156078
13020101,8427.58190314
13020102,8178.95901218
13020201,4847.43412636
13020202,2690.85433864
13020203,8327.97653796
13020204,5468.89422912
13020205,3562.0866406
13020206,3126.71734808
13020207,6727.16822148
13020208,5155.48920328
13020209,3615.262381
13020210,4431.11745072
13020211,5667.50197734
13030101,3212.11823466
13030102,14293.75045236
13030103,3236.2537077
13030201,18286.25892852
13030202,17304.3742856
13040100,8041.32331362
13040201,9522.28460283
13040202,4044.94988208
13040203,7338.59825152
13040204,2850.88741734
13040205,15417.63196128
13040206,3400.68167636
13040207,2262.28781778
13040208,6330.51548576
13040209,2651.57956234
13040210,2289.53937302
13040211,2083.7686826
13040212,7163.41013309
13040301,6844.1508035
13040302,2260.04181048
13040303,1888.62504654
13050001,6279.78380162
13050002,1333.08019946
13050003,17381.61577682
13050004,20515.04686564
13060001,9016.11270608
13060002,2667.79533036
13060003,10897.33199882
13060004,2086.65814064
13060005,4847.6324225
13060006,2258.10336454
13060007,8291.17034626
13060008,4307.40089366
13060009,2446.03954294
13060010,2777.69995424
13060011,11350.35774152
13070001,6454.4381855
13070002,2039.3139255
13070003,2913.16454588
13070004,5073.90045882
13070005,1831.62097658
13070006,3833.05224562
13070007,16414.01559768
13070008,4961.7741088
13070009,2505.2896202
13070010,1997.4086902
13070011,2828.94129556
13070012,2573.5803827
13080001,10630.88258995
13080002,14939.06310146
13080003,7298.66989716
13090001,8164.256151
13090002,5501.32576516
14010001,7512.65970062
14010002,1768.32808618
14010003,2517.76204272
14010004,3766.9791624
14010005,9918.63532956
14020001,1985.70517108
14020002,6246.21914478
14020003,2855.01116768
14020004,2510.46555414
14020005,4311.35872274
14020006,2888.96027622
14030001,3770.78725766
14030002,5593.80460988
14030003,4027.38650968
14030004,2392.45506968
14030005,5891.57661554
14040101,7617.94281038
14040102,3247.39876014
14040103,3919.54173754
14040104,4644.93734568
14040105,5773.52970934
14040106,6478.213488
14040107,7105.92598946
14040108,2500.12582684
14040109,2525.96502794
14040200,9947.30733266
14050001,6785.47685797
14050002,4068.64020052
14050003,7929.59149898
14050004,2607.37975742
14050005,3534.96863174
14050006,2370.97838366
14050007,7060.2935961
14060003,6938.7866246
14060004,3016.06810196
14060005,5039.92302226
14060006,2470.6282643
14060007,4886.03307704
14060008,4836.62901016
14060009,6301.57614272
14060010,4211.45793678
14070001,7406.20704832
14070002,4016.7513616
14070003,5128.19717944
14070004,2183.56020334
14070005,5247.45814364
14070006,7600.205423
14070007,3674.8928631
14080101,8886.79529478
14080102,1752.11636502
14080103,4438.76601612
14080104,3549.55756204
14080105,5038.74133914
14080106,11845.46678136
14080107,2079.53162018
14080201,5166.0798359
14080202,1860.07040238
14080203,3029.00591338
14080204,10612.98342778
14080205,6315.01171792
15010001,3800.40217914
15010002,6608.1379283
15010003,6119.64955142
15010004,7596.06953208
15010005,7502.62348782
15010006,2421.39416554
15010007,3665.21682084
15010008,5654.17971422
15010009,4327.59472506
15010010,5341.07415602
15010011,7446.09290048
15010012,86901.60568146
15010013,6573.16091732
15010014,1796.43757574
15010015,4864.56043788
15020001,2085.1243807
15020002,4197.70265964
15020003,5851.88905952
15020004,6909.04625046
15020005,2455.2704306
15020006,4951.0499298
15020007,2888.57177766
15020008,6534.89785602
15020009,2105.71075752
15020010,2121.99532216
15020011,4340.20474082
15020012,1894.31897856
15020013,2992.44253328
15020014,2430.77074016
15020015,3104.15610358
15020016,6197.28856052
15020017,2119.93142356
15020018,6863.93590204
15030101,7210.2297591
15030102,2660.83473116
15030103,3453.44059018
15030104,8923.63386136
15030105,4188.8036145
15030106,1852.20330654
15030107,3993.16543357
15030108,7550.4081068
15030201,5578.8797902
15030202,1847.36326198
15030203,3710.9301514
15030204,2785.16641094
15040001,5133.16672352
15040002,5305.24325758
15040003,5863.63304724
15040004,7257.42019356
15040005,7168.28810206
15040006,5828.22302224
15040007,2784.72125634
15050100,8507.38271315
15050201,4283.33421724
15050202,6420.09250961
15050203,5129.597393
15050301,6796.35260424
15050302,2383.10277622
15050303,4355.21859142
15050304,3646.33821894
15050305,1897.66977864
15050306,3129.02001142
15060101,3239.87160054
15060102,1652.16701674
15060103,5574.83697706
15060104,1837.5779545
15060105,2713.67862904
15060106,2696.78176627
15060201,5577.26509306
15060202,6492.8226526
15060203,5090.12432056
15070101,5205.44768998
15070102,7164.2371952
15070103,3771.96489392
15070104,5003.6388755
15070201,10865.0299623
15070202,2784.08589932
15070203,4264.22089746
15080101,7489.42483106
15080102,12383.43907774
15080103,5701.20437127
15080200,25741.56655562
15080301,6892.85133421
15080302,3575.78598886
15080303,473.38982903
16010101,5202.79294982
16010102,2123.43600432
16010201,3282.35958368
16010202,3323.4635407
16010203,2290.06546482
16010204,3241.36084502
16020101,3014.31176472
16020102,3421.82651986
16020201,3482.9705276
16020202,2494.5452069
16020203,1776.88719508
16020204,2107.74228124
16020301,8076.50870442
16020302,1896.7835163
16020303,2461.81825008
16020304,3128.4655916
16020305,2106.62534788
16020306,14188.81320494
16020307,3972.72557166
16020308,11810.38455202
16020309,5852.70247838
16020310,4527.02803272
16030001,3116.37357392
16030002,3216.85710772
16030003,4796.81600148
16030004,2229.79153198
16030005,10621.17427242
16030006,8531.43242446
16030007,4472.49659422
16030008,2078.89626316
16030009,3613.85407372
16040101,7130.06955622
16040102,2585.12202742
16040103,3381.03821792
16040104,2603.29647568
16040105,8280.8063378
16040106,2347.49040822
16040107,6157.00206922
16040108,6716.2902618
16040109,4610.03722504
16040201,9125.20795796
16040202,8479.71760052
16040203,6378.72952862
16040204,3359.14875218
16040205,2998.02315322
16050101,1313.003727
16050102,3153.920341
16050103,3588.88090066
16050104,4304.3819361
16050201,2483.4972791
16050202,2149.39256436
16050203,5631.9543591
16050301,3110.1940187
16050302,2698.47052916
16050303,2315.48379248
16050304,2092.80532098
16060001,10464.86835178
16060002,5387.9287011
16060003,5307.48117116
16060004,4940.34193824
16060005,8084.9383138
16060006,3740.76765018
16060007,10656.17556456
16060008,13771.869266
16060009,5619.267453
16060010,7143.46870968
16060011,8391.2451472
16060012,12218.80985066
16060013,7136.79139068
16060014,13287.07162544
16060015,7413.35380308
17010101,9537.1893395
17010102,2182.97099328
17010103,2050.59400895
17010104,9700.09010882
17010105,2031.67428002
17010106,4414.7587376
17010201,4856.23498837
17010202,4712.85865031
17010203,5990.07522305
17010204,5140.05376006
17010205,7401.70007265
17010206,4058.04946635
17010207,2939.4288418
17010208,3084.45619784
17010209,4340.51554648
17010210,2018.3767231
17010211,1888.09538229
17010212,5202.8060309
17010213,6051.76677189
17010214,3141.11022505
17010215,2541.20054426
17010216,4232.21010634
17010301,2322.02724357
17010302,774.40711231
17010303,1707.21044103
17010304,4780.71805188
17010305,1523.23962495
17010306,1793.5185822
17010307,2313.17960149
17010308,1836.9251179
17020001,10518.67601435
17020002,10837.00185431
17020003,2635.28068502
17020004,2541.31677994
17020005,3467.05353803
17020006,12120.90684414
17020007,9270.21849049
17020008,4710.86128787
17020009,2415.13923004
17020010,3878.94800138
17020011,3440.90691729
17020012,2410.05217603
17020013,4810.43594435
17020014,1595.56869263
17020015,6425.23942783
17020016,5415.6986556
17030001,5539.83128916
17030002,2860.94847315
17030003,7525.94501668
17040101,4431.0565356
17040102,1617.35297186
17040103,4096.90378198
17040104,2358.04762568
17040105,2308.82630818
17040201,1458.27685545
17040202,2838.31109991
17040203,2915.38439174
17040204,2885.91477987
17040205,1794.42809312
17040206,5592.97150574
17040207,3290.29212137
17040208,4343.99596665
17040209,8702.38079164
17040210,3819.76378075
17040211,2795.90063285
17040212,6602.15752792
17040213,5680.82487617
17040214,3288.95128815
17040215,3006.29040393
17040216,1573.56461276
17040217,2495.86900855
17040218,6354.81061993
17040219,3713.97569877
17040220,1779.72603823
17040221,3163.819764
17050101,5392.2506428
17050102,8749.31551928
17050103,6065.23801963
17050104,5551.6646168
17050105,4856.40728189
17050106,2395.71890809
17050107,3872.35837855
17050108,3385.4248548
17050109,3443.01437988
17050110,5116.40691669
17050111,1967.90935636
17050112,1608.31639592
17050113,3383.56663617
17050114,3440.77109516
17050115,751.54805956
17050116,6289.22394796
17050117,2456.61707018
17050118,1517.63909443
17050119,1967.57046737
17050120,2124.1076162
17050121,877.76291782
17050122,3171.14910402
17050123,2402.45050708
17050124,4363.64782569
17050201,3374.62672492
17050202,2847.52325109
17050203,4423.36532183
17060101,1402.24379683
17060102,2203.08555281
17060103,1803.40124682
17060104,4238.11961476
17060105,2471.32791602
17060106,3932.49509232
17060107,3778.69959472
17060108,6018.31333993
17060109,2473.80471582
17060110,1876.93553913
17060201,6279.47489829
17060202,2150.78098981
17060203,4718.5397126
17060204,3267.11550462
17060205,3889.58498346
17060206,3562.58682955
17060207,4435.66404704
17060208,3393.68866633
17060209,3056.81921215
17060210,1493.86667536
17060301,2548.95484249
17060302,2659.13343836
17060303,3060.20541935
17060304,565.55447715
17060305,3052.40189811
17060306,6102.00968469
17060307,3358.1153889
17060308,2971.72982273
17070101,6644.49403413
17070102,4600.96165733
17070103,6541.56587181
17070104,2246.61072527
17070105,5589.26723483
17070106,3501.55288063
17070201,5540.1953812
17070202,4787.39549967
17070203,2051.83685819
17070204,8155.45403492
17070301,5579.64758924
17070302,2727.06599647
17070303,3963.5411035
17070304,2993.9222863
17070305,4786.98777025
17070306,5946.0185924
17070307,1792.70513732
17080001,2264.86451429
17080002,2720.92828607
17080003,2892.99582584
17080004,2655.30355646
17080005,3758.7851799
17080006,1754.06074929
17090001,3540.44074995
17090002,1726.15496501
17090003,4850.15926439
17090004,3468.19874232
17090005,1979.34060006
17090006,2696.17529754
17090007,1841.48118797
17090008,1998.62721347
17090009,2267.49705987
17090010,1835.94908211
17090011,2441.64390847
17090012,1052.93432967
17100101,3907.25504049
17100102,3530.94431989
17100103,3362.41013778
17100104,2118.54968991
17100105,1520.7271189
17100106,3284.84394335
17100201,818.87317274
17100202,2213.5723492
17100203,2951.21323471
17100204,2270.43935124
17100205,2173.0457846
17100206,2007.91995664
17100207,533.79285651
17100301,3558.43925391
17100302,4665.5618636
17100303,3921.41559909
17100304,2331.89045492
17100305,2737.3953032
17100306,1949.88400182
17100307,4183.13139606
17100308,2284.48168345
17100309,1995.29324446
17100310,2348.67459718
17100311,2563.88921073
17100312,2007.62530833
17110001,1621.88953221
17110002,2866.8278096
17110003,3130.07275019
17110004,2639.26131359
17110005,5207.0216524
17110006,1896.73584387
17110007,1172.42041553
17110008,1818.76147165
17110009,2161.40727484
17110010,1797.24411041
17110011,755.26299697
17110012,1572.02484739
17110013,1257.91242699
17110014,2550.69802292
17110015,1994.03233587
17110016,442.16824727
17110017,634.4673661
17110018,2459.08568724
17110019,6353.55212871
17110020,4233.58107762
17110021,6393.73796037
17120001,3761.90672159
17120002,3414.36764939
17120003,2045.47010279
17120004,4361.22698559
17120005,10708.49060394
17120006,2670.82619103
17120007,4909.01643543
17120008,7713.34128082
17120009,5558.30352792
18010101,2539.809336
18010102,3684.29371888
18010103,1836.48934916
18010104,1951.31090794
18010105,3962.88360814
18010106,1785.08613344
18010107,1935.71026264
18010108,4150.51627204
18010109,1436.0485053
18010110,3845.9738696
18010201,3725.89139282
18010202,4170.89221214
18010203,1875.14495588
18010204,7832.99699764
18010205,1572.39531242
18010206,3686.59233536
18010207,2056.51712736
18010208,2108.68519962
18010209,3966.43675122
18010210,1945.84764694
18010211,5277.62748494
18010212,2414.1745673
18020001,2818.2130697
18020002,6944.24583874
18020003,6831.96570804
18020004,1763.32212036
18020005,1533.355254
18020104,4879.85756868
18020111,757.6126606
18020115,2011.92477702
18020116,3017.47640924
18020121,3137.8340725
18020122,2661.52674422
18020123,3534.67321096
18020125,3483.34688558
18020126,1228.40007184
18020128,2622.71330996
18020129,2200.54487476
18020151,1107.16828682
18020152,2444.01611294
18020153,956.54011076
18020154,1775.76621486
18020155,1097.15230832
18020156,2613.00489282
18020157,2466.27384294
18020158,2122.66305406
18020159,2004.39761742
18020161,1124.0963022
18020162,1694.4607506
18020163,3181.92865906
18030001,2829.45119992
18030002,2541.3471428
18030003,6778.78592078
18030004,1489.68558774
18030005,3168.43642782
18030006,2446.48469754
18030007,3943.92002218
18030009,5506.51383968
18030010,3999.09491142
18030012,9808.25722306
18040001,9130.120846
18040002,2376.4983007
18040003,3192.12674626
18040006,4244.45198636
18040007,1677.97384296
18040008,3287.83498526
18040009,4850.57448972
18040010,3099.99188464
18040011,1369.30364332
18040012,3279.72507782
18040013,2459.96883506
18040014,792.88509236
18040051,1224.48271136
18050001,1689.59642488
18050002,3176.72035024
18050003,1865.61460058
18050004,3452.99948244
18050005,1979.18163276
18050006,1745.66162332
18060002,3368.59817028
18060003,1153.50078696
18060004,2459.92027274
18060005,8622.32490006
18060006,4984.06421368
18060007,2962.0182398
18060008,1771.82052636
18060009,769.22310194
18060010,2322.16515834
18060013,1736.77876562
18060014,2175.13464082
18060015,1961.2095275
18070101,868.28214102
18070102,4210.81043918
18070103,1133.5861889
18070104,1744.0145513
18070105,2152.18894462
18070106,2347.02906618
18070107,2063.76100676
18070201,329.9000272
18070202,1982.0103879
18070203,4387.75939268
18070204,502.85068302
18070301,1596.51459802
18070302,1919.34880766
18070303,2151.61024364
18070304,4022.12963854
18070305,4451.94259228
18080001,2347.61990774
18080002,2180.76786994
18080003,7260.98143036
18090101,2813.84650776
18090102,4968.00222634
18090103,3549.93796688
18090201,4246.60086902
18090202,8826.05597304
18090203,13927.34153348
18090204,4224.04367138
18090205,5230.11734854
18090206,8721.97073384
18090207,4785.16104468
18090208,11961.4052735
18100100,22964.96330046
18100201,3886.32915752
18100202,1692.44946118
18100203,2734.59684838
18100204,12973.59010489
